Ref,Val,Package,PosX,PosY,Rot,Side
"J1","USB","PinHeader_1x09_P2.54mm_Vertical",27.825000,-37.325000,90.000000,top
"K1","KEYSW","CHERRY_PLATE_100H",9.525000,-9.525000,0.000000,top
"K2","KEYSW","CHERRY_PLATE_100H",28.575000,-9.525000,0.000000,top
"K3","KEYSW","CHERRY_PLATE_100H",47.625000,-9.525000,0.000000,top
"K4","KEYSW","CHERRY_PLATE_100H",66.675000,-9.525000,0.000000,top
"K5","KEYSW","CHERRY_PLATE_100H",85.725000,-9.525000,0.000000,top
"K6","KEYSW","CHERRY_PLATE_100H",104.775000,-9.525000,0.000000,top
"K7","KEYSW","CHERRY_PLATE_100H",123.825000,-9.525000,0.000000,top
"K8","KEYSW","CHERRY_PLATE_100H",142.875000,-9.525000,0.000000,top
"K9","KEYSW","CHERRY_PLATE_100H",161.925000,-9.525000,0.000000,top
"K10","KEYSW","CHERRY_PLATE_100H",180.975000,-9.525000,0.000000,top
"K11","KEYSW","CHERRY_PLATE_100H",200.025000,-9.525000,0.000000,top
"K12","KEYSW","CHERRY_PLATE_100H",219.075000,-9.525000,0.000000,top
"K13","KEYSW","CHERRY_PLATE_100H",238.125000,-9.525000,0.000000,top
"K14","KEYSW","CHERRY_PCB_200H",266.700000,-9.525000,0.000000,top
"K14-1","KEYSW","CHERRY_PLATE_100H",276.225232,-9.525008,0.000000,top
"K15","KEYSW","CHERRY_PLATE_100H",295.275000,-9.525000,0.000000,top
"K16","KEYSW","CHERRY_PLATE_100H",314.325000,-9.525000,0.000000,top
"K17","KEYSW","CHERRY_PLATE_150H",14.287500,-28.575000,0.000000,top
"K18","KEYSW","CHERRY_PLATE_100H",38.100000,-28.575000,0.000000,top
"K19","KEYSW","CHERRY_PLATE_100H",57.150000,-28.575000,0.000000,top
"K20","KEYSW","CHERRY_PLATE_100H",76.200000,-28.575000,0.000000,top
"K21","KEYSW","CHERRY_PLATE_100H",95.250000,-28.575000,0.000000,top
"K22","KEYSW","CHERRY_PLATE_100H",114.300000,-28.575000,0.000000,top
"K23","KEYSW","CHERRY_PLATE_100H",133.350000,-28.575000,0.000000,top
"K24","KEYSW","CHERRY_PLATE_100H",152.400000,-28.575000,0.000000,top
"K25","KEYSW","CHERRY_PLATE_100H",171.450000,-28.575000,0.000000,top
"K26","KEYSW","CHERRY_PLATE_100H",190.500000,-28.575000,0.000000,top
"K27","KEYSW","CHERRY_PLATE_100H",209.550000,-28.575000,0.000000,top
"K28","KEYSW","CHERRY_PLATE_100H",228.600000,-28.575000,0.000000,top
"K29","KEYSW","CHERRY_PLATE_100H",247.650000,-28.575000,0.000000,top
"K30","KEYSW","CHERRY_PLATE_100H",257.175216,-9.525008,0.000000,top
"K31","KEYSW","CHERRY_PLATE_100H",295.275000,-28.575000,0.000000,top
"K32","KEYSW","CHERRY_PLATE_100H",314.325000,-28.575000,0.000000,top
"K33","KEYSW","CHERRY_PLATE_175H",16.668750,-47.625000,0.000000,top
"K33-1","KEYSW","CHERRY_PLATE_125H",11.906250,-47.625000,0.000000,top
"K34","KEYSW","CHERRY_PLATE_100H",42.862500,-47.625000,0.000000,top
"K35","KEYSW","CHERRY_PLATE_100H",61.912500,-47.625000,0.000000,top
"K36","KEYSW","CHERRY_PLATE_100H",80.962500,-47.625000,0.000000,top
"K37","KEYSW","CHERRY_PLATE_100H",100.012500,-47.625000,0.000000,top
"K38","KEYSW","CHERRY_PLATE_100H",119.062500,-47.625000,0.000000,top
"K39","KEYSW","CHERRY_PLATE_100H",138.112500,-47.625000,0.000000,top
"K40","KEYSW","CHERRY_PLATE_100H",157.162500,-47.625000,0.000000,top
"K41","KEYSW","CHERRY_PLATE_100H",176.212500,-47.625000,0.000000,top
"K42","KEYSW","CHERRY_PLATE_100H",195.262500,-47.625000,0.000000,top
"K43","KEYSW","CHERRY_PLATE_100H",214.312500,-47.625000,0.000000,top
"K44","KEYSW","CHERRY_PLATE_100H",233.362500,-47.625000,0.000000,top
"K45","KEYSW","CHERRY_PLATE_100H",252.412500,-47.625000,0.000000,top
"K45-1","KEYSW","CHERRY_PLATE_150H",271.462728,-28.575024,0.000000,top
"K46","KEYSW","CHERRY_PCB_225H",264.318750,-47.625000,0.000000,top
"K46-1","KEYSW","CHERRY_PCB_200H_V",273.843750,-38.100000,0.000000,top
"K47","KEYSW","CHERRY_PLATE_100H",295.275000,-47.625000,0.000000,top
"K48","KEYSW","CHERRY_PLATE_100H",314.325000,-47.625000,0.000000,top
"K49","KEYSW","CHERRY_PCB_225H",21.431250,-66.675000,0.000000,top
"K49-1","KEYSW","CHERRY_PLATE_125H",11.906250,-66.675000,0.000000,top
"K50","KEYSW","CHERRY_PLATE_100H",33.337500,-66.675000,0.000000,top
"K51","KEYSW","CHERRY_PLATE_100H",52.387500,-66.675000,0.000000,top
"K52","KEYSW","CHERRY_PLATE_100H",71.437500,-66.675000,0.000000,top
"K53","KEYSW","CHERRY_PLATE_100H",90.487500,-66.675000,0.000000,top
"K54","KEYSW","CHERRY_PLATE_100H",109.537500,-66.675000,0.000000,top
"K55","KEYSW","CHERRY_PLATE_100H",128.587500,-66.675000,0.000000,top
"K56","KEYSW","CHERRY_PLATE_100H",147.637500,-66.675000,0.000000,top
"K57","KEYSW","CHERRY_PLATE_100H",166.687500,-66.675000,0.000000,top
"K58","KEYSW","CHERRY_PLATE_100H",185.737500,-66.675000,0.000000,top
"K59","KEYSW","CHERRY_PLATE_100H",204.787500,-66.675000,0.000000,top
"K60","KEYSW","CHERRY_PLATE_100H",223.837500,-66.675000,0.000000,top
"K61","KEYSW","CHERRY_PLATE_175H",250.031250,-66.675000,0.000000,top
"K61-1","KEYSW","CHERRY_PCB_275H",259.556468,-66.675056,0.000000,top
"K62","KEYSW","CHERRY_PLATE_100H",276.225000,-66.675000,0.000000,top
"K63","KEYSW","CHERRY_PLATE_100H",295.275000,-66.675000,0.000000,top
"K64","KEYSW","CHERRY_PLATE_100H",314.325000,-66.675000,0.000000,top
"K65","KEYSW","CHERRY_PLATE_150H",14.287500,-85.725000,0.000000,top
"K66","KEYSW","CHERRY_PLATE_100H",38.100000,-85.725000,0.000000,top
"K67","KEYSW","CHERRY_PLATE_150H",61.912500,-85.725000,0.000000,top
"K72","KEYSW","CHERRY_PCB_600H_F",133.350000,-85.725000,0.000000,top
"K75","KEYSW","CHERRY_PLATE_150H",204.787500,-85.725000,0.000000,top
"K76","KEYSW","CHERRY_PLATE_100H",228.600000,-85.725000,0.000000,top
"K76-1","KEYSW","CHERRY_PLATE_150H",233.362696,-85.725072,0.000000,top
"K77","KEYSW","CHERRY_PLATE_150H",252.412500,-85.725000,0.000000,top
"K77-1","KEYSW","CHERRY_PLATE_100H",257.175216,-85.725072,0.000000,top
"K78","KEYSW","CHERRY_PLATE_100H",276.225000,-85.725000,0.000000,top
"K79","KEYSW","CHERRY_PLATE_100H",295.275000,-85.725000,0.000000,top
"K80","KEYSW","CHERRY_PLATE_100H",314.325000,-85.725000,0.000000,top
"LED1","LED","smd_led",325.325000,-21.075000,-90.000000,top
"LED2","LED","smd_led",325.325000,-26.075000,90.000000,top
"LED3","LED","smd_led",325.325000,-31.075000,-90.000000,top
"LED4","LED","smd_led",325.325000,-36.075000,90.000000,top
"REF**","3.6mm_hole","3.6mm_hole",304.800000,-19.050000,0.000000,top
"REF**","3.6mm_hole","3.6mm_hole",3.325001,-28.575000,0.000000,top
"REF**","3.6mm_hole","3.6mm_hole",193.725000,-85.725000,0.000000,top
"REF**","2.2mm_hole","2.2mm_hole",322.025000,-18.625000,0.000000,top
"REF**","3.6mm_hole","3.6mm_hole",161.925000,-19.825000,0.000000,top
"REF**","3.6mm_hole","3.6mm_hole",304.800000,-76.200000,0.000000,top
"REF**","2.2mm_hole","2.2mm_hole",322.025000,-57.625000,0.000000,top
"REF**","3.6mm_hole","3.6mm_hole",26.193772,-85.725072,0.000000,top
"SW1","SW_PUSH","SW_SPST_TL3342",158.353250,-85.129751,-90.000000,top
